<?xml version="1.0" encoding="UTF-8"?>
<project-private xmlns="http://www.netbeans.org/ns/project-private/1">
    <editor-bookmarks xmlns="http://www.netbeans.org/ns/editor-bookmarks/2" lastBookmarkId="0"/>
    <open-files xmlns="http://www.netbeans.org/ns/projectui-open-files/2">
        <group>
            <file>file:/C:/Users/jhuna/Documents/NetBeansProjects/Library%20System/src/login.java</file>
            <file>file:/C:/Users/jhuna/Documents/NetBeansProjects/Library%20System/src/home.java</file>
            <file>file:/C:/Users/jhuna/Documents/NetBeansProjects/Library%20System/src/NewBookData.java</file>
            <file>file:/C:/Users/jhuna/Documents/NetBeansProjects/Library%20System/src/IssueBookData.java</file>
            <file>file:/C:/Users/jhuna/Documents/NetBeansProjects/Library%20System/src/StudentData.java</file>
            <file>file:/C:/Users/jhuna/Documents/NetBeansProjects/Library%20System/src/ReturnedBooksData.java</file>
        </group>
    </open-files>
</project-private>
